{
    "accelerometer": {
        "biasStd": [
            0.001,
            0.001,
            0.001
        ],
        "calibrationBias": [
            0.0043823150733134555,
            0.1439004398398988,
            0.0717047033059388,
            0.0,
            0.0,
            0.0,
            0.0,
            0.0,
            0.0
        ],
        "noiseStd": [
            0.016,
            0.016,
            0.016
        ]
    },
    "cameras": [
        {
            "imuToCamera": [
                [
                    0.014655635958765623,
                    0.9996572952133247,
                    -0.02169111480362714,
                    0.06737767523294846
                ],
                [
                    -0.9998914888908348,
                    0.014684516951327997,
                    0.0011727768654058654,
                    -0.0160650297116975
                ],
                [
                    0.0014908984921874566,
                    0.021671573285900515,
                    0.9997640322261048,
                    -0.00339909417843215
                ],
                [
                    0.0,
                    0.0,
                    0.0,
                    1.0
                ]
            ],
            "models": [
                {
                    "distortionCoefficient": [
                        -0.004163756227304365,
                        0.023273557894123276,
                        -0.026733141217968524,
                        0.01126573254869044
                    ],
                    "focalLengthX": 460.9262971225624,
                    "focalLengthY": 459.5700242507205,
                    "name": "kannala-brandt4",
                    "principalPointX": 365.9061043328824,
                    "principalPointY": 249.33857168667237
                }
            ]
        },
        {
            "imuToCamera": [
                [
                    0.012499384890609644,
                    0.9996657295034144,
                    -0.02263171742849179,
                    -0.04281285567493237
                ],
                [
                    -0.9997916468226076,
                    0.01285983839276672,
                    0.015852050348474513,
                    -0.01595542152714899
                ],
                [
                    0.016137791704413793,
                    0.022428861159644806,
                    0.9996181860420439,
                    -0.0035588185778327513
                ],
                [
                    0.0,
                    0.0,
                    0.0,
                    1.0
                ]
            ],
            "models": [
                {
                    "distortionCoefficient": [
                        0.005333084490869123,
                        -0.003336754709104685,
                        0.0031677933263145816,
                        0.0006847374992335783
                    ],
                    "focalLengthX": 459.47794947378173,
                    "focalLengthY": 458.09609103596574,
                    "name": "kannala-brandt4",
                    "principalPointX": 379.4214446868492,
                    "principalPointY": 255.97949802541788
                }
            ]
        }
    ],
    "gyroscope": {
        "biasStd": [
            0.0001,
            0.0001,
            0.0001
        ],
        "calibrationBias": [
            -0.0021630820290468532,
            0.02434792572527459,
            0.07671221857496897,
            0.0,
            0.0,
            0.0,
            0.0,
            0.0,
            0.0,
            0.0,
            0.0,
            0.0
        ],
        "noiseStd": [
            0.000282,
            0.000282,
            0.000282
        ],
        "updateRate": 200.0000000000001
    }
}
