{
    "cameras": [
        {
            "models": [
                {
                    "name": "ds",
                    "focalLengthX": 349.7560023050409,
                    "focalLengthY": 348.72454229977037,
                    "principalPointX": 365.89440762590149,
                    "principalPointY": 249.32995565708704,
                    "xi": -0.2409573942178872,
                    "alpha": 0.566996899163044
                }
            ],
            "imuToCamera": [
                [0.0148831696121443091,   -0.999889070175166372, 0.000581899078469833367,  -0.0167747889246415323],
                [0.999670680003229339,   0.0148920812220267873,   0.0208987429946777201,  -0.0689389406871269983],
                [-0.0209050903891176698, 0.000270667910796790895,    0.999781428080510404,  0.00513912318838242402],
                [                    0,                       0,                       0,                       1]
            ],
            "imuToCamera2": [
                [0.0148655429818, -0.999880929698, 0.00414029679422, -0.0216401454975],
                [0.999557249008, 0.0149672133247, 0.025715529948, -0.064676986768],
                [-0.0257744366974, 0.00375618835797, 0.999660727178, 0.00981073058949],
                [0.0, 0.0, 0.0, 1.0]
            ],
            "vignette": [
                1.0,
                1.0,
                1.0,
                1.0,
                1.0,
                0.977014799737916,
                0.963099657065011,
                0.922192868484681,
                0.854947649264748,
                0.775979681731632,
                0.722888431826212,
                0.0686113338332548,
                0.0686113338332548,
                0.0686113338332548,
                0.0686113338332548
            ]
        },
        {
            "models": [
                {
                    "name": "ds",
                    "focalLengthX": 361.6713883800533,
                    "focalLengthY": 360.5856493689301,
                    "principalPointX": 379.40818394080869,
                    "principalPointY": 255.9772968522045,
                    "xi": -0.21300835384809328,
                    "alpha": 0.5767008625037023
                }
            ],
            "imuToCamera": [
                [0.0127401904453875447,  -0.999802992495906762,  0.0152205040535885443, -0.0150743628203261898],
                [0.999681510307587895,  0.0130673161400105542,  0.0215898864757849591,  0.0412627204046637011],
                [-0.0217845242444152584,  0.0149405972145383575,   0.999651045644587621, 0.00316287258752952997],
                [                    0,                      0,                      0,                      1]
            ],
            "imuToCamera2": [
                [0.0125552670891, -0.999755099723, 0.0182237714554, -0.0198435579556],
                [ 0.999598781151, 0.0130119051815, 0.0251588363115, 0.0453689425024],
                [-0.0253898008918, 0.0179005838253, 0.999517347078, 0.00786212447038],
                [0.0, 0.0, 0.0, 1.0]
            ],
            "vignette": [
                1.0,
                1.0,
                1.0,
                1.0,
                1.0,
                0.977014799737916,
                0.963099657065011,
                0.922192868484681,
                0.854947649264748,
                0.775979681731632,
                0.722888431826212,
                0.0686113338332548,
                0.0686113338332548,
                0.0686113338332548,
                0.0686113338332548
            ]
        }
    ],
    "gyroscope": {
        "updateRate": 200.0,
        "calibrationBias": [
            -0.002186848441668376,
            0.020427823167917037,
            0.07668367023977922,
            0.0,
            0.0,
            0.0,
            0.0,
            0.0,
            0.0,
            0.0,
            0.0,
            0.0
        ],
        "noiseStd": [
            0.000282,
            0.000282,
            0.000282
        ],
        "biasStd": [
            0.0001,
            0.0001,
            0.0001
        ]
    },
    "accelerometer": {
        "updateRate": 200,
        "calibrationBias": [
            -0.003025405479279035,
            0.1200005286487319,
            0.06708820471592454,
            0.0,
            0.0,
            0.0,
            0.0,
            0.0,
            0.0
        ],
        "noiseStd": [
            0.016,
            0.016,
            0.016
        ],
        "biasStd": [
            0.001,
            0.001,
            0.001
        ]
    }
}
