{
    "cameras": [
        {
            "models": [
                {
                    "distortionModel": "ds",
                    "focalLengthX": 349.7560023050409,
                    "focalLengthY": 348.72454229977037,
                    "principalPointX": 365.89440762590149,
                    "principalPointY": 249.32995565708704,
                    "xi": -0.2409573942178872,
                    "alpha": 0.566996899163044
                }
            ],
            "imuToCamera": [
                [0.0148655429818, -0.999880929698, 0.00414029679422, -0.0216401454975],
                [0.999557249008, 0.0149672133247, 0.025715529948, -0.064676986768],
                [-0.0257744366974, 0.00375618835797, 0.999660727178, 0.00981073058949],
                [0.0, 0.0, 0.0, 1.0]
            ]
        },
        {
            "models": [
                {
                    "distortionModel": "ds",
                    "focalLengthX": 361.6713883800533,
                    "focalLengthY": 360.5856493689301,
                    "principalPointX": 379.40818394080869,
                    "principalPointY": 255.9772968522045,
                    "xi": -0.21300835384809328,
                    "alpha": 0.5767008625037023
                }
            ],
            "imuToCamera": [
                [0.0125552670891, -0.999755099723, 0.0182237714554, -0.0198435579556],
                [ 0.999598781151, 0.0130119051815, 0.0251588363115, 0.0453689425024],
                [-0.0253898008918, 0.0179005838253, 0.999517347078, 0.00786212447038],
                [0.0, 0.0, 0.0, 1.0]
            ]
        }
    ]
}
