{
    "cameras": [
        {
            "models": [
                {
                    "name": "ds",
                    "focalLengthX": 299.473837901408,
                    "focalLengthY": 299.5000324877246,
                    "principalPointX": 394.65736072270547,
                    "principalPointY": 250.68141431433936,
                    "xi": -0.18201160809790918,
                    "alpha": 0.6248968918939053
                }
            ],
            "imuToCameraQuat": {
                "px": 0.005494650429006785,
                "py": -0.044596223219429218,
                "pz": 0.03227209914417071,
                "qx": -0.006750692039194304,
                "qy": -0.000765011464555762,
                "qz": 0.7078170841667827,
                "qw": 0.7063630923796097
            }
        },
        {
            "models": [
                {
                    "name": "ds",
                    "focalLengthX": 307.4729504740321,
                    "focalLengthY": 307.4568325517686,
                    "principalPointX": 388.70748141639896,
                    "principalPointY": 256.7061799993479,
                    "xi": -0.16277212370702089,
                    "alpha": 0.6321090545583757
                }
            ],
            "imuToCameraQuat": {
                "px": 0.005268430491713439,
                "py": 0.07514739854974764,
                "pz": 0.03152458991839053,
                "qx": -0.005430194633072134,
                "qy": -0.0016677942296496435,
                "qz": 0.7086199597885843,
                "qw": 0.7055674907745394
            }
        }
    ],
    "gyroscope": {
        "updateRate": 501.2028894406721,
        "calibrationBias": [
            -0.00264588938298428,
            0.007563892798877028,
            -0.00011533674764810336,
            0.0,
            0.0,
            0.0,
            0.0,
            0.0,
            0.0,
            0.0,
            0.0,
            0.0
        ],
        "noiseStd": [
            0.000282,
            0.000282,
            0.000282
        ],
        "biasStd": [
            0.0001,
            0.0001,
            0.0001
        ]
    },
    "accelerometer": {
        "updateRate": 501.2028894406721,
        "calibrationBias": [
            -0.04435266942278794,
            -0.05304390361842681,
            0.322880453748742,
            0.0,
            0.0,
            0.0,
            0.0,
            0.0,
            0.0
        ],
        "noiseStd": [
            0.016,
            0.016,
            0.016
        ],
        "biasStd": [
            0.001,
            0.001,
            0.001
        ]
    }
}
