{
    "accelerometer": {
        "biasStd": [
            0.001,
            0.001,
            0.001
        ],
        "calibrationBias": [
            0.04269134435518131,
            0.8086758103184316,
            -0.16189353713277937,
            0.0,
            0.0,
            0.0,
            0.0,
            0.0,
            0.0
        ],
        "noiseStd": [
            0.016,
            0.016,
            0.016
        ]
    },
    "cameras": [
        {
            "imuToCamera": [
                [
                    -0.9999152473452824,
                    -0.001278352136029776,
                    0.012956231791678756,
                    0.01972954549850768
                ],
                [
                    0.0013436416106007505,
                    -0.9999864378063177,
                    0.005031782055537245,
                    0.0025789953446158542
                ],
                [
                    0.012949623687415066,
                    0.005048764130801964,
                    0.9999034039481544,
                    0.0034392166945278217
                ],
                [
                    0.0,
                    0.0,
                    0.0,
                    1.0
                ]
            ],
            "distortionCoefficient": [
                -0.008465990623745272,
                0.04818981646946315,
                -0.04604852761536517,
                0.009177301275489845
            ],
            "focalLengthX": 285.55169256425927,
            "focalLengthY": 285.7208563578693,
            "model": "kannala-brandt4",
            "principalPointX": 427.40823788693115,
            "principalPointY": 403.2026430546941
        },
        {
            "imuToCamera": [
                [
                    -0.9999772688401283,
                    0.0031824282370097145,
                    0.005944237003598894,
                    -0.04474007732588162
                ],
                [
                    -0.0031429204981890126,
                    -0.9999729896147347,
                    0.0066439515134303385,
                    0.0025170719372688936
                ],
                [
                    0.00596522034636898,
                    0.006625118224381599,
                    0.9999602611877795,
                    0.0029677757816898463
                ],
                [
                    0.0,
                    0.0,
                    0.0,
                    1.0
                ]
            ],
            "distortionCoefficient": [
                -0.008390880757646806,
                0.04953292973688621,
                -0.04709416285293772,
                0.009321608918928468
            ],
            "focalLengthX": 285.450665727722,
            "focalLengthY": 285.22970946930377,
            "model": "kannala-brandt4",
            "principalPointX": 422.63227910635584,
            "principalPointY": 402.39438028356204
        }
    ],
    "gyroscope": {
        "biasStd": [
            0.0001,
            0.0001,
            0.0001
        ],
        "calibrationBias": [
            0.0018124575854743291,
            -2.7435462978643823e-05,
            -0.0015322827590944776,
            0.0,
            0.0,
            0.0,
            0.0,
            0.0,
            0.0,
            0.0,
            0.0,
            0.0
        ],
        "noiseStd": [
            0.000282,
            0.000282,
            0.000282
        ],
        "updateRate": 200.57400589926672
    }
}
