{
    "cameras": [
        {
            "models": [
                {
                    "name": "ds",
                    "focalLengthX": 290.00213436727128,
                    "focalLengthY": 290.11643745916549,
                    "principalPointX": 427.3966038995978,
                    "principalPointY": 403.3028821264954,
                    "xi": -9.061455709674221e-10,
                    "alpha": 0.670133572611668
                }
            ],
            "imuToCameraQuat": {
                "px": 0.01890702989572858,
                "py": 0.0007689477003444376,
                "pz": -0.012315924370887877,
                "qx": 0.006548880925698386,
                "qy": 0.0027029710074344406,
                "qz": 0.9999745995666949,
                "qw": -0.0007786705222030511
            }
        },
        {
            "models": [
                {
                    "name": "ds",
                    "focalLengthX": 289.8394746756327,
                    "focalLengthY": 289.5216820148352,
                    "principalPointX": 422.65751252736097,
                    "principalPointY": 402.5065049262749,
                    "xi": -5.3370363120756076e-11,
                    "alpha": 0.6681417996826411
                }
            ],
            "imuToCameraQuat": {
                "px": -0.04539823530872926,
                "py": 0.0008313327417676042,
                "pz": -0.011309616811385268,
                "qx": 0.0029572998470517909,
                "qy": 0.003454610962720626,
                "qz": 0.9999885899042652,
                "qw": 0.0014629087428995253
            }
        }
    ],
    "gyroscope": {
        "updateRate": 200.57400589926673,
        "calibrationBias": [
            0.0018850023666176076,
            -0.00006529830453963836,
            -0.0015091551984288484,
            0.0,
            0.0,
            0.0,
            0.0,
            0.0,
            0.0,
            0.0,
            0.0,
            0.0
        ],
        "noiseStd": [
            0.000282,
            0.000282,
            0.000282
        ],
        "biasStd": [
            0.0001,
            0.0001,
            0.0001
        ]
    },
    "accelerometer": {
        "updateRate": 62.5,
        "calibrationBias": [
            0.03850071236523794,
            0.8200141907233177,
            -0.1606987351635813,
            0.0,
            0.0,
            0.0,
            0.0,
            0.0,
            0.0
        ],
        "noiseStd": [
            0.016,
            0.016,
            0.016
        ],
        "biasStd": [
            0.001,
            0.001,
            0.001
        ]
    }
}
